Workbook

Sheet v1
B1: index | C1: name | D1: expiry | E1: strike | F1: last_price_CE | G1: last_price_PE | H1: last_price_Und | I1: GreekRef_CE | J1: GreekRef_PE | K1: DT | L1: call_IVs | M1: call_deltas | N1: call_delta2s | O1: call_vegas | P1: call_gammas | Q1: call_thetas | R1: call_rhos | S1: put_IVs | T1: put_deltas | U1: put_delta2s | V1: put_vegas | W1: put_gammas | X1: put_thetas | Y1: put_rhos
A2: 0 | B2: 0 | C2: KOTAKBANK | D2: 45351 | E2: 1980 | F2: 0.3 | G2: 213.4 | H2: 1697 | I2: 0 | J2: 1 | K2: 45350.554 | L2: 116.50372 | M2: 0.007816805 | N2: -0.00654804 | O2: 0.019938683 | P2: 0.00019857785 | Q2: -1.0650647 | R2: 0.0003880062 | S2: 1e-05 | T2: -1 | U2: 0.9998504 | V2: 0 | W2: 0 | X2: 0.27119228 | Y2: -0.059246458
A3: 1 | B3: 1 | C3: KOTAKBANK | D3: 45351 | E3: 1630 | F3: 77.35 | G3: 0.55 | H3: 1697 | I3: 0 | J3: 1 | K3: 45350.554 | L3: 92.43181 | M3: 0.7881058 | N3: -0.7730463 | O3: 0.26896474 | P3: 0.0033763545 | Q3: -11.552336 | R3: 0.03770989 | S3: 41.29362 | T3: -0.036720164 | U3: 0.038566947 | V3: 0.07460979 | W3: 0.002096462 | X3: -1.4016309 | Y3: -0.0018813304
A4: 2 | B4: 2 | C4: KOTAKBANK | D4: 45351 | E4: 1900 | F4: 0.1 | G4: 210 | H4: 1697 | I4: 0 | J4: 1 | K4: 45350.554 | L4: 78.24774 | M4: 0.004196108 | N4: -0.0036951553 | O4: 0.011479591 | P4: 0.00017022713 | Q4: -0.41212398 | R4: 0.00021011084 | S4: 159.97314 | T4: -0.901326 | U4: 0.91555405 | V4: 0.16134208 | W4: 0.0011702394 | X4: -11.576052 | Y4: -0.05205947
A5: 3 | B5: 3 | C5: KOTAKBANK | D5: 45351 | E5: 2050 | F5: 0.05 | G5: 272.15 | H5: 1697 | I5: 0 | J5: 1 | K5: 45350.554 | L5: 116.20534 | M5: 0.0014885616 | N5: -0.0012078484 | O5: 0.0044985497 | P5: 4.491801e-05 | Q5: -0.23962316 | R5: 7.410176e-05 | S5: 1e-05 | T5: -1 | U5: 0.9998504 | V5: 0 | W5: 0 | X5: 0.2807799 | Y5: -0.06134103
A6: 4 | B6: 4 | C6: KOTAKBANK | D6: 45351 | E6: 2020 | F6: 0.05 | G6: 246.4 | H6: 1697 | I6: 0 | J6: 1 | K6: 45350.554 | L6: 107.9655 | M6: 0.001603417 | N6: -0.0013222763 | O6: 0.004814005 | P6: 5.1736333e-05 | Q6: -0.23827249 | R6: 7.9934776e-05 | S6: 1e-05 | T6: -1 | U6: 0.9998504 | V6: 0 | W6: 0 | X6: 0.27667093 | Y6: -0.060443357
A7: 5 | B7: 5 | C7: KOTAKBANK | D7: 45351 | E7: 1960 | F7: 0.2 | G7: 252.55 | H7: 1697 | I7: 0 | J7: 1 | K7: 45350.554 | L7: 104.67952 | M7: 0.005982789 | N7: -0.005077955 | O7: 0.015744513 | P7: 0.00017451856 | Q7: -0.7557707 | R7: 0.00029785652 | S7: 1e-05 | T7: -1 | U7: 0.9998504 | V7: 0 | W7: 0 | X7: 0.26845297 | Y7: -0.05864801
A8: 6 | B8: 6 | C8: KOTAKBANK | D8: 45351 | E8: 1850 | F8: 0.15 | G8: 157.85 | H8: 1697 | I8: 0 | J8: 1 | K8: 45350.554 | L8: 64.52897 | M8: 0.007326284 | N8: -0.006639301 | O8: 0.018832576 | P8: 0.00033863288 | Q8: -0.55794454 | R8: 0.0003675837 | S8: 119.90739 | T8: -0.90548193 | U8: 0.91592044 | V8: 0.15632172 | W8: 0.0015126815 | X8: -8.347744 | Y8: -0.050709773
A9: 7 | B9: 7 | C9: KOTAKBANK | D9: 45351 | E9: 1830 | F9: 0.2 | G9: 126 | H9: 1697 | I9: 0 | J9: 1 | K9: 45350.554 | L9: 59.438107 | M9: 0.010288713 | N9: -0.009431663 | O9: 0.025364667 | P9: 0.0004951518 | Q9: -0.6924597 | R9: 0.0005165371 | S9: 1e-05 | T9: -1 | U9: 0.9998504 | V9: 0 | W9: 0 | X9: 0.25064743 | Y9: -0.05475809
A10: 8 | B10: 8 | C10: KOTAKBANK | D10: 45351 | E10: 1700 | F10: 6.4 | G10: 14 | H10: 1697 | I10: 0 | J10: 1 | K10: 45350.554 | L10: 20.760736 | M10: 0.44351217 | N10: -0.43896478 | O10: 0.3666402 | P10: 0.020491391 | Q10: -3.5863824 | R10: 0.022332678 | S10: 33.935547 | T10: -0.53458804 | U10: 0.54187894 | V10: 0.36896625 | W10: 0.012615542 | X10: -5.6051526 | Y10: -0.027568514
A11: 9 | B11: 9 | C11: KOTAKBANK | D11: 45351 | E11: 2110 | F11: 8.8 | G11: 325.55 | H11: 1697 | I11: 0 | J11: 1 | K11: 45350.554 | L11: 271.57645 | M11: 0.07147456 | N11: -0.053313892 | O11: 0.1266607 | P11: 0.00054115785 | Q11: -15.760639 | R11: 0.0033665495 | S11: 1e-05 | T11: -1 | U11: 0.9998504 | V11: 0 | W11: 0 | X11: 0.28899786 | Y11: -0.06313638
A12: 10 | B12: 10 | C12: KOTAKBANK | D12: 45351 | E12: 1480 | F12: 306.75 | G12: 4.8 | H12: 1697 | I12: 0 | J12: 1 | K12: 45350.554 | L12: 500 | M12: 0.6918235 | N12: -0.5898935 | O12: 0.326673 | P12: 0.0007580841 | Q12: -74.884575 | R12: 0.026127478 | S12: 171.97147 | T12: -0.07267008 | U12: 0.086568326 | V12: 0.12828171 | W12: 0.00086553075 | X12: -10.080466 | Y12: -0.003834272
A13: 11 | B13: 11 | C13: KOTAKBANK | D13: 45351 | E13: 2000 | F13: 0.05 | G13: 301 | H13: 1697 | I13: 0 | J13: 1 | K13: 45350.554 | L13: 102.37015 | M13: 0.0016914981 | N13: -0.0014102359 | O13: 0.0050543137 | P13: 5.728791e-05 | Q13: -0.23722388 | R13: 8.4408064e-05 | S13: 1e-05 | T13: -1 | U13: 0.9998504 | V13: 0 | W13: 0 | X13: 0.27393162 | Y13: -0.059844907
... A825: 823 | B825: 823 | C825: IDFCFIRSTB | D825: 45351 | E825: 76 | F825: 7.35 | G825: 0.05 | H825: 80.55 | I825: 0 | J825: 1 | K825: 45350.554 | L825: 277.64737 | M825: 0.6495372 | N825: -0.5917135 | O825: 0.016329587 | P825: 0.030289235 | Q825: -2.0814736 | R825: 0.0013458207 | S825: 62.924942 | T825: -0.045158617 | U825: 0.048520084 | V825: 0.0041886517 | W825: 0.034281366 | X825: -0.12014061 | Y825: -0.00011035635

Sheet v2
B1: index | C1: name | D1: expiry | E1: strike | F1: last_price_CE | G1: last_price_PE | H1: last_price_Und | I1: GreekRef_CE | J1: GreekRef_PE | K1: DT | L1: call_IVs | M1: call_deltas | N1: call_delta2s | O1: call_vegas | P1: call_gammas | Q1: call_thetas | R1: call_rhos | S1: put_IVs | T1: put_deltas | U1: put_delta2s | V1: put_vegas | W1: put_gammas | X1: put_thetas | Y1: put_rhos
A2: 0 | B2: 0 | C2: KOTAKBANK | D2: 45351 | E2: 1980 | F2: 0.3 | G2: 213.4 | H2: 1697 | I2: 0 | J2: 1 | K2: 45350.554 | L2: 116.50372 | M2: 0.007816805 | N2: -0.00654804 | O2: 0.019938683 | P2: 0.00019857785 | Q2: -1.0650647 | R2: 0.0003880062 | S2: 1e-05 | T2: -1 | U2: 0.9998504 | V2: 0 | W2: 0 | X2: 0.27119228 | Y2: -0.059246458
A3: 1 | B3: 1 | C3: KOTAKBANK | D3: 45351 | E3: 1630 | F3: 77.35 | G3: 0.55 | H3: 1697 | I3: 0 | J3: 1 | K3: 45350.554 | L3: 92.43181 | M3: 0.7881058 | N3: -0.7730463 | O3: 0.26896474 | P3: 0.0033763545 | Q3: -11.552336 | R3: 0.03770989 | S3: 41.29362 | T3: -0.036720164 | U3: 0.038566947 | V3: 0.07460979 | W3: 0.002096462 | X3: -1.4016309 | Y3: -0.0018813304
A4: 2 | B4: 2 | C4: KOTAKBANK | D4: 45351 | E4: 1900 | F4: 0.1 | G4: 210 | H4: 1697 | I4: 0 | J4: 1 | K4: 45350.554 | L4: 78.24774 | M4: 0.004196108 | N4: -0.0036951553 | O4: 0.011479591 | P4: 0.00017022713 | Q4: -0.41212398 | R4: 0.00021011084 | S4: 159.97314 | T4: -0.901326 | U4: 0.91555405 | V4: 0.16134208 | W4: 0.0011702394 | X4: -11.576052 | Y4: -0.05205947
A5: 3 | B5: 3 | C5: KOTAKBANK | D5: 45351 | E5: 2050 | F5: 0.05 | G5: 272.15 | H5: 1697 | I5: 0 | J5: 1 | K5: 45350.554 | L5: 116.20534 | M5: 0.0014885616 | N5: -0.0012078484 | O5: 0.0044985497 | P5: 4.491801e-05 | Q5: -0.23962316 | R5: 7.410176e-05 | S5: 1e-05 | T5: -1 | U5: 0.9998504 | V5: 0 | W5: 0 | X5: 0.2807799 | Y5: -0.06134103
A6: 4 | B6: 4 | C6: KOTAKBANK | D6: 45351 | E6: 2020 | F6: 0.05 | G6: 246.4 | H6: 1697 | I6: 0 | J6: 1 | K6: 45350.554 | L6: 107.9655 | M6: 0.001603417 | N6: -0.0013222763 | O6: 0.004814005 | P6: 5.1736333e-05 | Q6: -0.23827249 | R6: 7.9934776e-05 | S6: 1e-05 | T6: -1 | U6: 0.9998504 | V6: 0 | W6: 0 | X6: 0.27667093 | Y6: -0.060443357
A7: 5 | B7: 5 | C7: KOTAKBANK | D7: 45351 | E7: 1960 | F7: 0.2 | G7: 252.55 | H7: 1697 | I7: 0 | J7: 1 | K7: 45350.554 | L7: 104.67952 | M7: 0.005982789 | N7: -0.005077955 | O7: 0.015744513 | P7: 0.00017451856 | Q7: -0.7557707 | R7: 0.00029785652 | S7: 1e-05 | T7: -1 | U7: 0.9998504 | V7: 0 | W7: 0 | X7: 0.26845297 | Y7: -0.05864801
A8: 6 | B8: 6 | C8: KOTAKBANK | D8: 45351 | E8: 1850 | F8: 0.15 | G8: 157.85 | H8: 1697 | I8: 0 | J8: 1 | K8: 45350.554 | L8: 64.52897 | M8: 0.007326284 | N8: -0.006639301 | O8: 0.018832576 | P8: 0.00033863288 | Q8: -0.55794454 | R8: 0.0003675837 | S8: 119.90739 | T8: -0.90548193 | U8: 0.91592044 | V8: 0.15632172 | W8: 0.0015126815 | X8: -8.347744 | Y8: -0.050709773
A9: 7 | B9: 7 | C9: KOTAKBANK | D9: 45351 | E9: 1830 | F9: 0.2 | G9: 126 | H9: 1697 | I9: 0 | J9: 1 | K9: 45350.554 | L9: 59.438107 | M9: 0.010288713 | N9: -0.009431663 | O9: 0.025364667 | P9: 0.0004951518 | Q9: -0.6924597 | R9: 0.0005165371 | S9: 1e-05 | T9: -1 | U9: 0.9998504 | V9: 0 | W9: 0 | X9: 0.25064743 | Y9: -0.05475809
A10: 8 | B10: 8 | C10: KOTAKBANK | D10: 45351 | E10: 1700 | F10: 6.4 | G10: 14 | H10: 1697 | I10: 0 | J10: 1 | K10: 45350.554 | L10: 20.760736 | M10: 0.44351217 | N10: -0.43896478 | O10: 0.3666402 | P10: 0.020491391 | Q10: -3.5863824 | R10: 0.022332678 | S10: 33.935547 | T10: -0.53458804 | U10: 0.54187894 | V10: 0.36896625 | W10: 0.012615542 | X10: -5.6051526 | Y10: -0.027568514
A11: 9 | B11: 9 | C11: KOTAKBANK | D11: 45351 | E11: 2110 | F11: 8.8 | G11: 325.55 | H11: 1697 | I11: 0 | J11: 1 | K11: 45350.554 | L11: 271.57645 | M11: 0.07147456 | N11: -0.053313892 | O11: 0.1266607 | P11: 0.00054115785 | Q11: -15.760639 | R11: 0.0033665495 | S11: 1e-05 | T11: -1 | U11: 0.9998504 | V11: 0 | W11: 0 | X11: 0.28899786 | Y11: -0.06313638
A12: 10 | B12: 10 | C12: KOTAKBANK | D12: 45351 | E12: 1480 | F12: 306.75 | G12: 4.8 | H12: 1697 | I12: 0 | J12: 1 | K12: 45350.554 | L12: 500 | M12: 0.6918235 | N12: -0.5898935 | O12: 0.326673 | P12: 0.0007580841 | Q12: -74.884575 | R12: 0.026127478 | S12: 171.97147 | T12: -0.07267008 | U12: 0.086568326 | V12: 0.12828171 | W12: 0.00086553075 | X12: -10.080466 | Y12: -0.003834272
A13: 11 | B13: 11 | C13: KOTAKBANK | D13: 45351 | E13: 2000 | F13: 0.05 | G13: 301 | H13: 1697 | I13: 0 | J13: 1 | K13: 45350.554 | L13: 102.37015 | M13: 0.0016914981 | N13: -0.0014102359 | O13: 0.0050543137 | P13: 5.728791e-05 | Q13: -0.23722388 | R13: 8.4408064e-05 | S13: 1e-05 | T13: -1 | U13: 0.9998504 | V13: 0 | W13: 0 | X13: 0.27393162 | Y13: -0.059844907
... A825: 823 | B825: 823 | C825: IDFCFIRSTB | D825: 45351 | E825: 76 | F825: 7.35 | G825: 0.05 | H825: 80.55 | I825: 0 | J825: 1 | K825: 45350.554 | L825: 277.64737 | M825: 0.6495372 | N825: -0.5917135 | O825: 0.016329587 | P825: 0.030289235 | Q825: -2.0814736 | R825: 0.0013458207 | S825: 62.924942 | T825: -0.045158617 | U825: 0.048520084 | V825: 0.0041886517 | W825: 0.034281366 | X825: -0.12014061 | Y825: -0.00011035635

Sheet Recon
B1: index | C1: name | D1: expiry | E1: strike | F1: last_price_CE | G1: last_price_PE | H1: last_price_Und | I1: GreekRef_CE | J1: GreekRef_PE | K1: DT | L1: call_IVs | M1: call_deltas | N1: call_delta2s | O1: call_vegas | P1: call_gammas | Q1: call_thetas | R1: call_rhos | S1: put_IVs | T1: put_deltas | U1: put_delta2s | V1: put_vegas | W1: put_gammas | X1: put_thetas | Y1: put_rhos
A2: 8 | B2: 8 | C2: KOTAKBANK | D2: 45351 | E2: 1700 | F2: 6.4 | G2: 14 | H2: 1697 | I2: 0 | J2: 1 | K2: 45350.554 | L2: 20.760736 | M2: 0.44351217 | N2: -0.43896478 | O2: 0.3666402 | P2: 0.020491391 | Q2: -3.5863824 | R2: 0.022332678 | S2: 33.935547 | T2: -0.53458804 | U2: 0.54187894 | V2: 0.36896625 | W2: 0.012615542 | X2: -5.6051526 | Y2: -0.027568514
A3: ='v1'!A1-'v2'!A1 -> 0 | B3: ='v1'!B1='v2'!B1 -> TRUE | C3: ='v1'!C1='v2'!C1 -> TRUE | D3: ='v1'!D1='v2'!D1 -> TRUE | E3: ='v1'!E1='v2'!E1 -> TRUE | F3: ='v1'!F1='v2'!F1 -> TRUE | G3: ='v1'!G1='v2'!G1 -> TRUE | H3: ='v1'!H1='v2'!H1 -> TRUE | I3: ='v1'!I1='v2'!I1 -> TRUE | ... Y3: ='v1'!Y1='v2'!Y1 -> TRUE
A4: ='v1'!A2-'v2'!A2 -> 0 | B4: ='v1'!B2-'v2'!B2 -> 0 | C4: ='v1'!C2='v2'!C2 -> TRUE | D4: ='v1'!D2-'v2'!D2 -> 0 | E4: ='v1'!E2-'v2'!E2 -> 0 | F4: ='v1'!F2-'v2'!F2 -> 0 | G4: ='v1'!G2-'v2'!G2 -> 0 | H4: ='v1'!H2-'v2'!H2 -> 0 | I4: ='v1'!I2-'v2'!I2 -> 0 | J4: ='v1'!J2-'v2'!J2 -> 0 | K4: ='v1'!K2-'v2'!K2 -> 0 | ... Y4: ='v1'!Y2-'v2'!Y2 -> 0
A5: ='v1'!A3-'v2'!A3 -> 0 | B5: ='v1'!B3-'v2'!B3 -> 0 | C5: ='v1'!C3='v2'!C3 -> TRUE | D5: ='v1'!D3-'v2'!D3 -> 0 | E5: ='v1'!E3-'v2'!E3 -> 0 | F5: ='v1'!F3-'v2'!F3 -> 0 | G5: ='v1'!G3-'v2'!G3 -> 0 | H5: ='v1'!H3-'v2'!H3 -> 0 | I5: ='v1'!I3-'v2'!I3 -> 0 | J5: ='v1'!J3-'v2'!J3 -> 0 | K5: ='v1'!K3-'v2'!K3 -> 0 | ... Y5: ='v1'!Y3-'v2'!Y3 -> 0
A6: ='v1'!A4-'v2'!A4 -> 0 | B6: ='v1'!B4-'v2'!B4 -> 0 | C6: ='v1'!C4='v2'!C4 -> TRUE | D6: ='v1'!D4-'v2'!D4 -> 0 | E6: ='v1'!E4-'v2'!E4 -> 0 | F6: ='v1'!F4-'v2'!F4 -> 0 | G6: ='v1'!G4-'v2'!G4 -> 0 | H6: ='v1'!H4-'v2'!H4 -> 0 | I6: ='v1'!I4-'v2'!I4 -> 0 | J6: ='v1'!J4-'v2'!J4 -> 0 | K6: ='v1'!K4-'v2'!K4 -> 0 | ... Y6: ='v1'!Y4-'v2'!Y4 -> 0
A7: ='v1'!A5-'v2'!A5 -> 0 | B7: ='v1'!B5-'v2'!B5 -> 0 | C7: ='v1'!C5='v2'!C5 -> TRUE | D7: ='v1'!D5-'v2'!D5 -> 0 | E7: ='v1'!E5-'v2'!E5 -> 0 | F7: ='v1'!F5-'v2'!F5 -> 0 | G7: ='v1'!G5-'v2'!G5 -> 0 | H7: ='v1'!H5-'v2'!H5 -> 0 | I7: ='v1'!I5-'v2'!I5 -> 0 | J7: ='v1'!J5-'v2'!J5 -> 0 | K7: ='v1'!K5-'v2'!K5 -> 0 | ... Y7: ='v1'!Y5-'v2'!Y5 -> 0
A8: ='v1'!A6-'v2'!A6 -> 0 | B8: ='v1'!B6-'v2'!B6 -> 0 | C8: ='v1'!C6='v2'!C6 -> TRUE | D8: ='v1'!D6-'v2'!D6 -> 0 | E8: ='v1'!E6-'v2'!E6 -> 0 | F8: ='v1'!F6-'v2'!F6 -> 0 | G8: ='v1'!G6-'v2'!G6 -> 0 | H8: ='v1'!H6-'v2'!H6 -> 0 | I8: ='v1'!I6-'v2'!I6 -> 0 | J8: ='v1'!J6-'v2'!J6 -> 0 | K8: ='v1'!K6-'v2'!K6 -> 0 | ... Y8: ='v1'!Y6-'v2'!Y6 -> 0
A9: ='v1'!A7-'v2'!A7 -> 0 | B9: ='v1'!B7-'v2'!B7 -> 0 | C9: ='v1'!C7='v2'!C7 -> TRUE | D9: ='v1'!D7-'v2'!D7 -> 0 | E9: ='v1'!E7-'v2'!E7 -> 0 | F9: ='v1'!F7-'v2'!F7 -> 0 | G9: ='v1'!G7-'v2'!G7 -> 0 | H9: ='v1'!H7-'v2'!H7 -> 0 | I9: ='v1'!I7-'v2'!I7 -> 0 | J9: ='v1'!J7-'v2'!J7 -> 0 | K9: ='v1'!K7-'v2'!K7 -> 0 | ... Y9: ='v1'!Y7-'v2'!Y7 -> 0
A10: ='v1'!A8-'v2'!A8 -> 0 | B10: ='v1'!B8-'v2'!B8 -> 0 | C10: ='v1'!C8='v2'!C8 -> TRUE | D10: ='v1'!D8-'v2'!D8 -> 0 | E10: ='v1'!E8-'v2'!E8 -> 0 | F10: ='v1'!F8-'v2'!F8 -> 0 | G10: ='v1'!G8-'v2'!G8 -> 0 | H10: ='v1'!H8-'v2'!H8 -> 0 | I10: ='v1'!I8-'v2'!I8 -> 0 | J10: ='v1'!J8-'v2'!J8 -> 0 | K10: ='v1'!K8-'v2'!K8 -> 0 | ... Y10: ='v1'!Y8-'v2'!Y8 -> 0
A11: ='v1'!A9-'v2'!A9 -> 0 | B11: ='v1'!B9-'v2'!B9 -> 0 | C11: ='v1'!C9='v2'!C9 -> TRUE | D11: ='v1'!D9-'v2'!D9 -> 0 | E11: ='v1'!E9-'v2'!E9 -> 0 | F11: ='v1'!F9-'v2'!F9 -> 0 | G11: ='v1'!G9-'v2'!G9 -> 0 | H11: ='v1'!H9-'v2'!H9 -> 0 | I11: ='v1'!I9-'v2'!I9 -> 0 | J11: ='v1'!J9-'v2'!J9 -> 0 | K11: ='v1'!K9-'v2'!K9 -> 0 | ... Y11: ='v1'!Y9-'v2'!Y9 -> 0
A12: ='v1'!A10-'v2'!A10 -> 0 | B12: ='v1'!B10-'v2'!B10 -> 0 | C12: ='v1'!C10='v2'!C10 -> TRUE | D12: ='v1'!D10-'v2'!D10 -> 0 | E12: ='v1'!E10-'v2'!E10 -> 0 | F12: ='v1'!F10-'v2'!F10 -> 0 | G12: ='v1'!G10-'v2'!G10 -> 0 | H12: ='v1'!H10-'v2'!H10 -> 0 | I12: ='v1'!I10-'v2'!I10 -> 0 | J12: ='v1'!J10-'v2'!J10 -> 0 | K12: ='v1'!K10-'v2'!K10 -> 0 | ... Y12: ='v1'!Y10-'v2'!Y10 -> 0
A13: ='v1'!A11-'v2'!A11 -> 0 | B13: ='v1'!B11-'v2'!B11 -> 0 | C13: ='v1'!C11='v2'!C11 -> TRUE | D13: ='v1'!D11-'v2'!D11 -> 0 | E13: ='v1'!E11-'v2'!E11 -> 0 | F13: ='v1'!F11-'v2'!F11 -> 0 | G13: ='v1'!G11-'v2'!G11 -> 0 | H13: ='v1'!H11-'v2'!H11 -> 0 | I13: ='v1'!I11-'v2'!I11 -> 0 | J13: ='v1'!J11-'v2'!J11 -> 0 | K13: ='v1'!K11-'v2'!K11 -> 0 | ... Y13: ='v1'!Y11-'v2'!Y11 -> 0
A14: ='v1'!A12-'v2'!A12 -> 0 | B14: ='v1'!B12-'v2'!B12 -> 0 | C14: ='v1'!C12='v2'!C12 -> TRUE | D14: ='v1'!D12-'v2'!D12 -> 0 | E14: ='v1'!E12-'v2'!E12 -> 0 | F14: ='v1'!F12-'v2'!F12 -> 0 | G14: ='v1'!G12-'v2'!G12 -> 0 | H14: ='v1'!H12-'v2'!H12 -> 0 | I14: ='v1'!I12-'v2'!I12 -> 0 | J14: ='v1'!J12-'v2'!J12 -> 0 | K14: ='v1'!K12-'v2'!K12 -> 0 | ... Y14: ='v1'!Y12-'v2'!Y12 -> 0
A15: ='v1'!A13-'v2'!A13 -> 0 | B15: ='v1'!B13-'v2'!B13 -> 0 | C15: ='v1'!C13='v2'!C13 -> TRUE | D15: ='v1'!D13-'v2'!D13 -> 0 | E15: ='v1'!E13-'v2'!E13 -> 0 | F15: ='v1'!F13-'v2'!F13 -> 0 | G15: ='v1'!G13-'v2'!G13 -> 0 | H15: ='v1'!H13-'v2'!H13 -> 0 | I15: ='v1'!I13-'v2'!I13 -> 0 | J15: ='v1'!J13-'v2'!J13 -> 0 | K15: ='v1'!K13-'v2'!K13 -> 0 | ... Y15: ='v1'!Y13-'v2'!Y13 -> 0
... A827: ='v1'!A825-'v2'!A825 -> 0 | B827: ='v1'!B825-'v2'!B825 -> 0 | C827: ='v1'!C825='v2'!C825 -> TRUE | D827: ='v1'!D825-'v2'!D825 -> 0 | E827: ='v1'!E825-'v2'!E825 -> 0 | F827: ='v1'!F825-'v2'!F825 -> 0 | G827: ='v1'!G825-'v2'!G825 -> 0 | H827: ='v1'!H825-'v2'!H825 -> 0 | I827: ='v1'!I825-'v2'!I825 -> 0 | J827: ='v1'!J825-'v2'!J825 -> 0 | K827: ='v1'!K825-'v2'!K825 -> 0 | ... Y827: ='v1'!Y825-'v2'!Y825 -> 0
